user_id,user_name,username,file_name,file_type,timestamp
273023647,Марсель,marseille_zakirov,photo_1538_marseille_zakirov.jpg,photo,2025-06-20 15:59:10
578801985,Фардус,нет,photo_1617_578801985.jpg,photo,2025-06-21 09:18:41
578801985,Фардус,нет,photo_1618_578801985.jpg,photo,2025-06-21 09:18:42
578801985,Фардус,нет,photo_1619_578801985.jpg,photo,2025-06-21 09:18:42
578801985,Фардус,нет,photo_1620_578801985.jpg,photo,2025-06-21 09:18:43
186589319,qp,qpryktt,photo_1650_qpryktt.jpg,photo,2025-06-21 12:05:56
578801985,Фардус,нет,photo_1710_578801985.jpg,photo,2025-06-21 15:02:51
578801985,Фардус,нет,video_1711_578801985.mp4,video,2025-06-21 15:02:52
578801985,Фардус,нет,photo_1712_578801985.jpg,photo,2025-06-21 15:02:53
578801985,Фардус,нет,photo_1713_578801985.jpg,photo,2025-06-21 15:02:53
749499446,NAKIP NAKIP,нет,photo_1818_749499446.jpg,photo,2025-06-21 19:21:29
1293383125,Айгөл Камилова,Kamilovai,IMG_2038_Kamilovai.mp4,document,2025-06-21 19:21:38
749499446,NAKIP NAKIP,нет,photo_1832_749499446.jpg,photo,2025-06-21 19:21:57
1293383125,Айгөл Камилова,Kamilovai,IMG_2040_Kamilovai.jpg,document,2025-06-21 20:15:52
1293383125,Айгөл Камилова,Kamilovai,IMG_2039_Kamilovai.jpg,document,2025-06-21 20:15:52
1293383125,Айгөл Камилова,Kamilovai,IMG_2042_Kamilovai.jpg,document,2025-06-21 20:15:53
1293383125,Айгөл Камилова,Kamilovai,IMG_2041_Kamilovai.jpg,document,2025-06-21 20:15:53
222456779,Emil,sativier,photo_1903_sativier.jpg,photo,2025-06-21 20:24:44
222456779,Emil,sativier,photo_1908_sativier.jpg,photo,2025-06-21 20:24:55
699729513,Godlike01,Godlike0101,photo_1913_Godlike0101.jpg,photo,2025-06-21 20:25:58
749499446,NAKIP NAKIP,нет,photo_1918_749499446.jpg,photo,2025-06-21 20:44:59
749499446,NAKIP NAKIP,нет,photo_1923_749499446.jpg,photo,2025-06-21 20:45:54
699729513,Godlike01,Godlike0101,photo_1928_Godlike0101.jpg,photo,2025-06-21 20:45:56
699729513,Godlike01,Godlike0101,photo_1929_Godlike0101.jpg,photo,2025-06-21 20:45:56
186589319,qp,qpryktt,photo_1948_qpryktt.jpg,photo,2025-06-21 20:53:13
699729513,Godlike01,Godlike0101,video_1973_Godlike0101.mp4,video,2025-06-21 20:54:39
891581442,Ideliya,iiideliyaaa,photo_1978_iiideliyaaa.jpg,photo,2025-06-21 20:56:41
273023647,Марсель,marseille_zakirov,video_1983_marseille_zakirov.mp4,video,2025-06-21 20:56:53
749499446,NAKIP NAKIP,нет,video_1988_749499446.mp4,video,2025-06-21 20:59:07
1664800890,Гузель Хатимова,HatGuzel,video_1993_HatGuzel.mp4,video,2025-06-21 21:02:02
749499446,NAKIP NAKIP,нет,video_2002_749499446.mp4,video,2025-06-21 21:09:32
1664800890,Гузель Хатимова,HatGuzel,video_2009_HatGuzel.mp4,video,2025-06-21 21:11:53
749499446,NAKIP NAKIP,нет,video_2014_749499446.mp4,video,2025-06-21 21:20:10
749499446,NAKIP NAKIP,нет,photo_2019_749499446.jpg,photo,2025-06-21 21:25:31
699729513,Godlike01,Godlike0101,photo_2024_Godlike0101.jpg,photo,2025-06-21 21:26:45
186589319,qp,qpryktt,photo_2031_qpryktt.jpg,photo,2025-06-21 21:29:19
1664800890,Гузель Хатимова,HatGuzel,video_2036_HatGuzel.mp4,video,2025-06-21 21:30:04
1293383125,Айгөл Камилова,Kamilovai,photo_2043_Kamilovai.jpg,photo,2025-06-21 21:32:35
1293383125,Айгөл Камилова,Kamilovai,photo_2044_Kamilovai.jpg,photo,2025-06-21 21:32:36
1293383125,Айгөл Камилова,Kamilovai,photo_2045_Kamilovai.jpg,photo,2025-06-21 21:32:36
1293383125,Айгөл Камилова,Kamilovai,photo_2046_Kamilovai.jpg,photo,2025-06-21 21:32:37
1293383125,Айгөл Камилова,Kamilovai,video_2047_Kamilovai.mp4,video,2025-06-21 21:32:44
1293383125,Айгөл Камилова,Kamilovai,photo_2065_Kamilovai.jpg,photo,2025-06-21 21:32:44
1293383125,Айгөл Камилова,Kamilovai,photo_2066_Kamilovai.jpg,photo,2025-06-21 21:32:45
1293383125,Айгөл Камилова,Kamilovai,photo_2067_Kamilovai.jpg,photo,2025-06-21 21:32:45
1293383125,Айгөл Камилова,Kamilovai,photo_2068_Kamilovai.jpg,photo,2025-06-21 21:32:46
1293383125,Айгөл Камилова,Kamilovai,photo_2069_Kamilovai.jpg,photo,2025-06-21 21:32:46
1293383125,Айгөл Камилова,Kamilovai,photo_2070_Kamilovai.jpg,photo,2025-06-21 21:32:47
1293383125,Айгөл Камилова,Kamilovai,photo_2071_Kamilovai.jpg,photo,2025-06-21 21:32:47
1293383125,Айгөл Камилова,Kamilovai,photo_2072_Kamilovai.jpg,photo,2025-06-21 21:32:48
1293383125,Айгөл Камилова,Kamilovai,photo_2073_Kamilovai.jpg,photo,2025-06-21 21:32:49
1293383125,Айгөл Камилова,Kamilovai,photo_2074_Kamilovai.jpg,photo,2025-06-21 21:32:49
1293383125,Айгөл Камилова,Kamilovai,IMG_2065_Kamilovai.mp4,document,2025-06-21 21:35:53
6234157324,Ильгизар Хидиятов,нет,photo_2136_6234157324.jpg,photo,2025-06-21 21:39:35
6234157324,Ильгизар Хидиятов,нет,photo_2137_6234157324.jpg,photo,2025-06-21 21:39:35
6234157324,Ильгизар Хидиятов,нет,photo_2138_6234157324.jpg,photo,2025-06-21 21:39:36
6234157324,Ильгизар Хидиятов,нет,photo_2139_6234157324.jpg,photo,2025-06-21 21:39:36
6234157324,Ильгизар Хидиятов,нет,photo_2140_6234157324.jpg,photo,2025-06-21 21:39:37
6234157324,Ильгизар Хидиятов,нет,photo_2141_6234157324.jpg,photo,2025-06-21 21:39:37
578801985,Фардус,нет,video_2171_578801985.mp4,video,2025-06-21 21:55:06
699729513,Godlike01,Godlike0101,video_2176_Godlike0101.mp4,video,2025-06-21 22:07:46
1293383125,Айгөл Камилова,Kamilovai,IMG_2067_Kamilovai.mp4,document,2025-06-21 22:09:47
1293383125,Айгөл Камилова,Kamilovai,photo_2186_Kamilovai.jpg,photo,2025-06-21 22:15:16
1293383125,Айгөл Камилова,Kamilovai,photo_2187_Kamilovai.jpg,photo,2025-06-21 22:15:16
1293383125,Айгөл Камилова,Kamilovai,photo_2188_Kamilovai.jpg,photo,2025-06-21 22:15:17
1293383125,Айгөл Камилова,Kamilovai,photo_2189_Kamilovai.jpg,photo,2025-06-21 22:15:17
699729513,Godlike01,Godlike0101,video_2206_Godlike0101.mp4,video,2025-06-21 22:15:43
1293383125,Айгөл Камилова,Kamilovai,photo_2221_Kamilovai.jpg,photo,2025-06-21 22:21:34
1293383125,Айгөл Камилова,Kamilovai,photo_2222_Kamilovai.jpg,photo,2025-06-21 22:21:34
1293383125,Айгөл Камилова,Kamilovai,photo_2223_Kamilovai.jpg,photo,2025-06-21 22:21:35
1293383125,Айгөл Камилова,Kamilovai,photo_2224_Kamilovai.jpg,photo,2025-06-21 22:21:35
1293383125,Айгөл Камилова,Kamilovai,photo_2225_Kamilovai.jpg,photo,2025-06-21 22:21:37
1293383125,Айгөл Камилова,Kamilovai,photo_2226_Kamilovai.jpg,photo,2025-06-21 22:21:37
1293383125,Айгөл Камилова,Kamilovai,photo_2227_Kamilovai.jpg,photo,2025-06-21 22:21:38
1293383125,Айгөл Камилова,Kamilovai,photo_2228_Kamilovai.jpg,photo,2025-06-21 22:21:38
1293383125,Айгөл Камилова,Kamilovai,photo_2229_Kamilovai.jpg,photo,2025-06-21 22:21:39
1293383125,Айгөл Камилова,Kamilovai,photo_2230_Kamilovai.jpg,photo,2025-06-21 22:21:40
699729513,Godlike01,Godlike0101,photo_2276_Godlike0101.jpg,photo,2025-06-21 22:24:34
699729513,Godlike01,Godlike0101,photo_2281_Godlike0101.jpg,photo,2025-06-21 22:34:14
749499446,NAKIP NAKIP,нет,video_2284_749499446.mp4,video,2025-06-21 22:34:22
137946036,Фарида Таджибаева,faridusha_t,photo_2291_faridusha_t.jpg,photo,2025-06-21 22:35:19
137946036,Фарида Таджибаева,faridusha_t,photo_2292_faridusha_t.jpg,photo,2025-06-21 22:35:19
137946036,Фарида Таджибаева,faridusha_t,photo_2293_faridusha_t.jpg,photo,2025-06-21 22:35:20
137946036,Фарида Таджибаева,faridusha_t,photo_2306_faridusha_t.jpg,photo,2025-06-21 22:36:28
137946036,Фарида Таджибаева,faridusha_t,photo_2307_faridusha_t.jpg,photo,2025-06-21 22:36:29
1293383125,Айгөл Камилова,Kamilovai,IMG_2084_Kamilovai.mp4,document,2025-06-21 22:52:36
1293383125,Айгөл Камилова,Kamilovai,IMG_2083_Kamilovai.mp4,document,2025-06-21 22:52:40
749499446,NAKIP NAKIP,нет,photo_2326_749499446.jpg,photo,2025-06-21 23:09:28
1293383125,Айгөл Камилова,Kamilovai,photo_2331_Kamilovai.jpg,photo,2025-06-21 23:11:32
1293383125,Айгөл Камилова,Kamilovai,photo_2332_Kamilovai.jpg,photo,2025-06-21 23:11:32
1293383125,Айгөл Камилова,Kamilovai,photo_2333_Kamilovai.jpg,photo,2025-06-21 23:11:33
1293383125,Айгөл Камилова,Kamilovai,photo_2334_Kamilovai.jpg,photo,2025-06-21 23:11:33
1293383125,Айгөл Камилова,Kamilovai,photo_2335_Kamilovai.jpg,photo,2025-06-21 23:11:34
1293383125,Айгөл Камилова,Kamilovai,photo_2336_Kamilovai.jpg,photo,2025-06-21 23:11:34
1293383125,Айгөл Камилова,Kamilovai,photo_2337_Kamilovai.jpg,photo,2025-06-21 23:11:35
1293383125,Айгөл Камилова,Kamilovai,photo_2338_Kamilovai.jpg,photo,2025-06-21 23:11:35
1293383125,Айгөл Камилова,Kamilovai,photo_2339_Kamilovai.jpg,photo,2025-06-21 23:11:36
1293383125,Айгөл Камилова,Kamilovai,photo_2340_Kamilovai.jpg,photo,2025-06-21 23:11:36
1293383125,Айгөл Камилова,Kamilovai,photo_2344_Kamilovai.jpg,photo,2025-06-21 23:11:37
273023647,Марсель,marseille_zakirov,photo_2390_marseille_zakirov.jpg,photo,2025-06-21 23:14:38
273023647,Марсель,marseille_zakirov,photo_2391_marseille_zakirov.jpg,photo,2025-06-21 23:14:39
312059961,Гулия | Дизайнер интерьера,Guliyadesign,photo_2408_Guliyadesign.jpg,photo,2025-06-21 23:15:05
312059961,Гулия | Дизайнер интерьера,Guliyadesign,photo_2409_Guliyadesign.jpg,photo,2025-06-21 23:15:06
312059961,Гулия | Дизайнер интерьера,Guliyadesign,photo_2410_Guliyadesign.jpg,photo,2025-06-21 23:15:07
312059961,Гулия | Дизайнер интерьера,Guliyadesign,photo_2411_Guliyadesign.jpg,photo,2025-06-21 23:15:07
312059961,Гулия | Дизайнер интерьера,Guliyadesign,photo_2413_Guliyadesign.jpg,photo,2025-06-21 23:15:08
312059961,Гулия | Дизайнер интерьера,Guliyadesign,photo_2414_Guliyadesign.jpg,photo,2025-06-21 23:15:08
312059961,Гулия | Дизайнер интерьера,Guliyadesign,photo_2415_Guliyadesign.jpg,photo,2025-06-21 23:15:09
891581442,Ideliya,iiideliyaaa,photo_2444_iiideliyaaa.jpg,photo,2025-06-21 23:15:17
891581442,Ideliya,iiideliyaaa,photo_2449_iiideliyaaa.jpg,photo,2025-06-21 23:15:27
273023647,Марсель,marseille_zakirov,photo_2450_marseille_zakirov.jpg,photo,2025-06-21 23:15:28
273023647,Марсель,marseille_zakirov,photo_2451_marseille_zakirov.jpg,photo,2025-06-21 23:15:28
891581442,Ideliya,iiideliyaaa,photo_2464_iiideliyaaa.jpg,photo,2025-06-21 23:15:30
273023647,Марсель,marseille_zakirov,photo_2469_marseille_zakirov.jpg,photo,2025-06-21 23:15:31
273023647,Марсель,marseille_zakirov,photo_2470_marseille_zakirov.jpg,photo,2025-06-21 23:15:31
273023647,Марсель,marseille_zakirov,photo_2479_marseille_zakirov.jpg,photo,2025-06-21 23:15:34
273023647,Марсель,marseille_zakirov,photo_2480_marseille_zakirov.jpg,photo,2025-06-21 23:15:34
273023647,Марсель,marseille_zakirov,photo_2489_marseille_zakirov.jpg,photo,2025-06-21 23:15:36
273023647,Марсель,marseille_zakirov,photo_2490_marseille_zakirov.jpg,photo,2025-06-21 23:15:37
273023647,Марсель,marseille_zakirov,photo_2499_marseille_zakirov.jpg,photo,2025-06-21 23:15:40
273023647,Марсель,marseille_zakirov,photo_2500_marseille_zakirov.jpg,photo,2025-06-21 23:15:40
273023647,Марсель,marseille_zakirov,photo_2509_marseille_zakirov.jpg,photo,2025-06-21 23:15:43
273023647,Марсель,marseille_zakirov,photo_2510_marseille_zakirov.jpg,photo,2025-06-21 23:15:43
273023647,Марсель,marseille_zakirov,photo_2519_marseille_zakirov.jpg,photo,2025-06-21 23:15:45
273023647,Марсель,marseille_zakirov,photo_2520_marseille_zakirov.jpg,photo,2025-06-21 23:15:46
273023647,Марсель,marseille_zakirov,photo_2529_marseille_zakirov.jpg,photo,2025-06-21 23:15:49
273023647,Марсель,marseille_zakirov,photo_2530_marseille_zakirov.jpg,photo,2025-06-21 23:15:50
273023647,Марсель,marseille_zakirov,photo_2539_marseille_zakirov.jpg,photo,2025-06-21 23:15:52
273023647,Марсель,marseille_zakirov,photo_2540_marseille_zakirov.jpg,photo,2025-06-21 23:15:53
273023647,Марсель,marseille_zakirov,photo_2549_marseille_zakirov.jpg,photo,2025-06-21 23:15:56
273023647,Марсель,marseille_zakirov,photo_2550_marseille_zakirov.jpg,photo,2025-06-21 23:15:56
891581442,Ideliya,iiideliyaaa,photo_2559_iiideliyaaa.jpg,photo,2025-06-21 23:15:57
273023647,Марсель,marseille_zakirov,photo_2564_marseille_zakirov.jpg,photo,2025-06-21 23:15:58
273023647,Марсель,marseille_zakirov,photo_2565_marseille_zakirov.jpg,photo,2025-06-21 23:15:59
273023647,Марсель,marseille_zakirov,photo_2574_marseille_zakirov.jpg,photo,2025-06-21 23:16:00
273023647,Марсель,marseille_zakirov,photo_2575_marseille_zakirov.jpg,photo,2025-06-21 23:16:01
273023647,Марсель,marseille_zakirov,photo_2584_marseille_zakirov.jpg,photo,2025-06-21 23:16:02
273023647,Марсель,marseille_zakirov,photo_2585_marseille_zakirov.jpg,photo,2025-06-21 23:16:02
891581442,Ideliya,iiideliyaaa,photo_2594_iiideliyaaa.jpg,photo,2025-06-21 23:16:04
273023647,Марсель,marseille_zakirov,photo_2599_marseille_zakirov.jpg,photo,2025-06-21 23:16:05
273023647,Марсель,marseille_zakirov,photo_2600_marseille_zakirov.jpg,photo,2025-06-21 23:16:06
891581442,Ideliya,iiideliyaaa,photo_2609_iiideliyaaa.jpg,photo,2025-06-21 23:16:06
273023647,Марсель,marseille_zakirov,photo_2614_marseille_zakirov.jpg,photo,2025-06-21 23:16:08
273023647,Марсель,marseille_zakirov,photo_2615_marseille_zakirov.jpg,photo,2025-06-21 23:16:08
273023647,Марсель,marseille_zakirov,photo_2624_marseille_zakirov.jpg,photo,2025-06-21 23:16:11
273023647,Марсель,marseille_zakirov,photo_2625_marseille_zakirov.jpg,photo,2025-06-21 23:16:11
273023647,Марсель,marseille_zakirov,photo_2634_marseille_zakirov.jpg,photo,2025-06-21 23:16:14
273023647,Марсель,marseille_zakirov,photo_2635_marseille_zakirov.jpg,photo,2025-06-21 23:16:15
273023647,Марсель,marseille_zakirov,photo_2646_marseille_zakirov.jpg,photo,2025-06-21 23:16:16
273023647,Марсель,marseille_zakirov,photo_2647_marseille_zakirov.jpg,photo,2025-06-21 23:16:17
891581442,Ideliya,iiideliyaaa,photo_2658_iiideliyaaa.jpg,photo,2025-06-21 23:16:21
273023647,Марсель,marseille_zakirov,photo_2663_marseille_zakirov.jpg,photo,2025-06-21 23:16:23
273023647,Марсель,marseille_zakirov,photo_2664_marseille_zakirov.jpg,photo,2025-06-21 23:16:24
891581442,Ideliya,iiideliyaaa,photo_2673_iiideliyaaa.jpg,photo,2025-06-21 23:16:32
891581442,Ideliya,iiideliyaaa,photo_2678_iiideliyaaa.jpg,photo,2025-06-21 23:16:38
891581442,Ideliya,iiideliyaaa,video_2699_iiideliyaaa.mp4,video,2025-06-21 23:18:56
273023647,Марсель,marseille_zakirov,photo_2708_marseille_zakirov.jpg,photo,2025-06-21 23:19:57
273023647,Марсель,marseille_zakirov,video_2709_marseille_zakirov.mp4,video,2025-06-21 23:19:58
273023647,Марсель,marseille_zakirov,photo_2710_marseille_zakirov.jpg,photo,2025-06-21 23:19:58
273023647,Марсель,marseille_zakirov,photo_2711_marseille_zakirov.jpg,photo,2025-06-21 23:19:58
273023647,Марсель,marseille_zakirov,video_2712_marseille_zakirov.mp4,video,2025-06-21 23:20:01
699729513,Godlike01,Godlike0101,video_2736_Godlike0101.mp4,video,2025-06-21 23:24:33
699729513,Godlike01,Godlike0101,video_2741_Godlike0101.mp4,video,2025-06-21 23:28:48
1293383125,Айгөл Камилова,Kamilovai,IMG_2097_Kamilovai.mp4,document,2025-06-21 23:29:32
1293383125,Айгөл Камилова,Kamilovai,IMG_2098_Kamilovai.jpg,document,2025-06-21 23:29:32
1293383125,Айгөл Камилова,Kamilovai,IMG_2099_Kamilovai.jpg,document,2025-06-21 23:29:33
1293383125,Айгөл Камилова,Kamilovai,IMG_2100_Kamilovai.mp4,document,2025-06-21 23:29:41
699729513,Godlike01,Godlike0101,video_2760_Godlike0101.mp4,video,2025-06-21 23:31:08
1293383125,Айгөл Камилова,Kamilovai,IMG_2101_Kamilovai.mp4,document,2025-06-21 23:31:46
1293383125,Айгөл Камилова,Kamilovai,IMG_2102_Kamilovai.mp4,document,2025-06-21 23:31:48
1293383125,Айгөл Камилова,Kamilovai,IMG_2103_Kamilovai.mp4,document,2025-06-21 23:31:57
1293383125,Айгөл Камилова,Kamilovai,IMG_2105_Kamilovai.mp4,document,2025-06-21 23:32:21
273023647,Марсель,marseille_zakirov,video_2796_marseille_zakirov.mp4,video,2025-06-22 01:10:31
749499446,NAKIP NAKIP,нет,video_2811_749499446.mp4,video,2025-06-22 10:02:51
672733286,Аделя,adelchiland,IMG_4285_adelchiland.heic,document,2025-06-22 10:58:34
672733286,Аделя,adelchiland,IMG_4290_adelchiland.heic,document,2025-06-22 10:58:35
672733286,Аделя,adelchiland,IMG_4305_adelchiland.heic,document,2025-06-22 10:58:35
672733286,Аделя,adelchiland,IMG_4308_adelchiland.heic,document,2025-06-22 10:58:36
672733286,Аделя,adelchiland,IMG_4309_adelchiland.heic,document,2025-06-22 10:58:36
672733286,Аделя,adelchiland,IMG_4310_adelchiland.heic,document,2025-06-22 10:58:37
672733286,Аделя,adelchiland,video_2834_adelchiland.mp4,video,2025-06-22 11:20:24
672733286,Аделя,adelchiland,IMG_4299_adelchiland.mp4,document,2025-06-22 11:23:11
672733286,Аделя,adelchiland,IMG_4300_adelchiland.mp4,document,2025-06-22 11:23:12
672733286,Аделя,adelchiland,IMG_4301_adelchiland.mp4,document,2025-06-22 11:23:55
672733286,Аделя,adelchiland,IMG_4302_adelchiland.mp4,document,2025-06-22 11:24:10
672733286,Аделя,adelchiland,IMG_4307_adelchiland.mp4,document,2025-06-22 11:24:13
672733286,Аделя,adelchiland,IMG_4311_adelchiland.mp4,document,2025-06-22 11:24:15
